{
  "source": "C:\\Lanton_last_mile\\alpha1\\dumps_all.txt",
  "convention": {
    "predictor_window": "[t-Lpred, t)",
    "event_window": "[t, t+H)",
    "anchor_stride": 4
  },
  "orbits_requested": 24,
  "orbits_hist_pass": 24,
  "orbits_agg_pass": 24,
  "lpreds": [
    313,
    1040,
    3120
  ],
  "horizons": [
    312,
    1040
  ],
  "thresholds": [
    40,
    80
  ],
  "bins_requested": 5,
  "elapsed_seconds": 164.30355820000113,
  "summary": [
    {
      "predictor": "deep_black",
      "Lpred": 313,
      "H": 312,
      "threshold": 40,
      "bins": 5,
      "n_total": 1630537,
      "bottom_bin": 0,
      "top_bin": 4,
      "bottom_mean_deep_rate": 0.164171807845963,
      "top_mean_deep_rate": 0.2947884618674221,
      "bottom_mean_bite_rate": 0.14879617640539367,
      "top_mean_bite_rate": 0.005836935413144619,
      "bottom_hazard": 0.24303009399482348,
      "top_hazard": 0.06985808309337721,
      "hazard_ratio_top_bottom": 0.28744622505419093,
      "hazard_delta_top_minus_bottom": -0.17317201090144627
    },
    {
      "predictor": "deep_black",
      "Lpred": 313,
      "H": 312,
      "threshold": 80,
      "bins": 5,
      "n_total": 1630537,
      "bottom_bin": 0,
      "top_bin": 4,
      "bottom_mean_deep_rate": 0.164171807845963,
      "top_mean_deep_rate": 0.2947884618674221,
      "bottom_mean_bite_rate": 0.14879617640539367,
      "top_mean_bite_rate": 0.005836935413144619,
      "bottom_hazard": 0.016025204409032545,
      "top_hazard": 0.0021047579871109282,
      "hazard_ratio_top_bottom": 0.13134047675077326,
      "hazard_delta_top_minus_bottom": -0.013920446421921617
    },
    {
      "predictor": "deep_black",
      "Lpred": 313,
      "H": 1040,
      "threshold": 40,
      "bins": 5,
      "n_total": 1626169,
      "bottom_bin": 0,
      "top_bin": 4,
      "bottom_mean_deep_rate": 0.16417108497979924,
      "top_mean_deep_rate": 0.294784221726316,
      "bottom_mean_bite_rate": 0.14883094884549317,
      "top_mean_bite_rate": 0.0058307678165023585,
      "bottom_hazard": 0.496269297115214,
      "top_hazard": 0.23844755480259383,
      "hazard_ratio_top_bottom": 0.48048016709612357,
      "hazard_delta_top_minus_bottom": -0.2578217423126202
    },
    {
      "predictor": "deep_black",
      "Lpred": 313,
      "H": 1040,
      "threshold": 80,
      "bins": 5,
      "n_total": 1626169,
      "bottom_bin": 0,
      "top_bin": 4,
      "bottom_mean_deep_rate": 0.16417108497979924,
      "top_mean_deep_rate": 0.294784221726316,
      "bottom_mean_bite_rate": 0.14883094884549317,
      "top_mean_bite_rate": 0.0058307678165023585,
      "bottom_hazard": 0.029831078427665088,
      "top_hazard": 0.009405530603197949,
      "hazard_ratio_top_bottom": 0.31529301315755787,
      "hazard_delta_top_minus_bottom": -0.02042554782446714
    },
    {
      "predictor": "deep_black",
      "Lpred": 1040,
      "H": 312,
      "threshold": 40,
      "bins": 5,
      "n_total": 1626176,
      "bottom_bin": 0,
      "top_bin": 4,
      "bottom_mean_deep_rate": 0.18520396048849647,
      "top_mean_deep_rate": 0.2741624234086773,
      "bottom_mean_bite_rate": 0.12543363465112828,
      "top_mean_bite_rate": 0.007467028061461143,
      "bottom_hazard": 0.22676636010331427,
      "top_hazard": 0.06347313528743018,
      "hazard_ratio_top_bottom": 0.2799054289115544,
      "hazard_delta_top_minus_bottom": -0.1632932248158841
    },
    {
      "predictor": "deep_black",
      "Lpred": 1040,
      "H": 312,
      "threshold": 80,
      "bins": 5,
      "n_total": 1626176,
      "bottom_bin": 0,
      "top_bin": 4,
      "bottom_mean_deep_rate": 0.18520396048849647,
      "top_mean_deep_rate": 0.2741624234086773,
      "bottom_mean_bite_rate": 0.12543363465112828,
      "top_mean_bite_rate": 0.007467028061461143,
      "bottom_hazard": 0.013125497863712072,
      "top_hazard": 0.0024714546982353815,
      "hazard_ratio_top_bottom": 0.18829416787824763,
      "hazard_delta_top_minus_bottom": -0.01065404316547669
    },
    {
      "predictor": "deep_black",
      "Lpred": 1040,
      "H": 1040,
      "threshold": 40,
      "bins": 5,
      "n_total": 1621808,
      "bottom_bin": 0,
      "top_bin": 4,
      "bottom_mean_deep_rate": 0.1851930542777002,
      "top_mean_deep_rate": 0.2741728103806022,
      "bottom_mean_bite_rate": 0.12549774488173063,
      "top_mean_bite_rate": 0.007451306135555683,
      "bottom_hazard": 0.4867026346605987,
      "top_hazard": 0.2225682716687667,
      "hazard_ratio_top_bottom": 0.45729826760435416,
      "hazard_delta_top_minus_bottom": -0.264134362991832
    },
    {
      "predictor": "deep_black",
      "Lpred": 1040,
      "H": 1040,
      "threshold": 80,
      "bins": 5,
      "n_total": 1621808,
      "bottom_bin": 0,
      "top_bin": 4,
      "bottom_mean_deep_rate": 0.1851930542777002,
      "top_mean_deep_rate": 0.2741728103806022,
      "bottom_mean_bite_rate": 0.12549774488173063,
      "top_mean_bite_rate": 0.007451306135555683,
      "bottom_hazard": 0.027314897467010008,
      "top_hazard": 0.01137732151536635,
      "hazard_ratio_top_bottom": 0.41652440867140306,
      "hazard_delta_top_minus_bottom": -0.01593757595164366
    },
    {
      "predictor": "deep_black",
      "Lpred": 3120,
      "H": 312,
      "threshold": 40,
      "bins": 5,
      "n_total": 1613696,
      "bottom_bin": 0,
      "top_bin": 4,
      "bottom_mean_deep_rate": 0.20066516238519586,
      "top_mean_deep_rate": 0.2628334106520167,
      "bottom_mean_bite_rate": 0.10430811857140299,
      "top_mean_bite_rate": 0.012505901679938317,
      "bottom_hazard": 0.20889129412054105,
      "top_hazard": 0.06832645771494693,
      "hazard_ratio_top_bottom": 0.32709097812146753,
      "hazard_delta_top_minus_bottom": -0.14056483640559414
    },
    {
      "predictor": "deep_black",
      "Lpred": 3120,
      "H": 312,
      "threshold": 80,
      "bins": 5,
      "n_total": 1613696,
      "bottom_bin": 0,
      "top_bin": 4,
      "bottom_mean_deep_rate": 0.20066516238519586,
      "top_mean_deep_rate": 0.2628334106520167,
      "bottom_mean_bite_rate": 0.10430811857140299,
      "top_mean_bite_rate": 0.012505901679938317,
      "bottom_hazard": 0.013095871372037746,
      "top_hazard": 0.0021664486592544146,
      "hazard_ratio_top_bottom": 0.16542989753856374,
      "hazard_delta_top_minus_bottom": -0.010929422712783332
    },
    {
      "predictor": "deep_black",
      "Lpred": 3120,
      "H": 1040,
      "threshold": 40,
      "bins": 5,
      "n_total": 1609328,
      "bottom_bin": 0,
      "top_bin": 4,
      "bottom_mean_deep_rate": 0.20064031582897832,
      "top_mean_deep_rate": 0.26282750048992853,
      "bottom_mean_bite_rate": 0.10435663929441154,
      "top_mean_bite_rate": 0.012529453955699517,
      "bottom_hazard": 0.4789735048271182,
      "top_hazard": 0.22472416903754078,
      "hazard_ratio_top_bottom": 0.46917870565440406,
      "hazard_delta_top_minus_bottom": -0.2542493357895774
    },
    {
      "predictor": "deep_black",
      "Lpred": 3120,
      "H": 1040,
      "threshold": 80,
      "bins": 5,
      "n_total": 1609328,
      "bottom_bin": 0,
      "top_bin": 4,
      "bottom_mean_deep_rate": 0.20064031582897832,
      "top_mean_deep_rate": 0.26282750048992853,
      "bottom_mean_bite_rate": 0.10435663929441154,
      "top_mean_bite_rate": 0.012529453955699517,
      "bottom_hazard": 0.03208414299373863,
      "top_hazard": 0.008456292857097798,
      "hazard_ratio_top_bottom": 0.26356611297824234,
      "hazard_delta_top_minus_bottom": -0.02362785013664083
    },
    {
      "predictor": "fresh_bite",
      "Lpred": 313,
      "H": 312,
      "threshold": 40,
      "bins": 4,
      "n_total": 1630537,
      "bottom_bin": 0,
      "top_bin": 4,
      "bottom_mean_deep_rate": 0.2619819375773501,
      "top_mean_deep_rate": 0.17028263059245494,
      "bottom_mean_bite_rate": 0.0,
      "top_mean_bite_rate": 0.16903073798355644,
      "bottom_hazard": 0.04983844178476847,