{
  "source": "C:\\Lanton_last_mile\\alpha1\\dumps_all.txt",
  "convention": {
    "predictor_window": "[t-Lpred, t)",
    "event_window": "[t, t+H)",
    "anchor_stride": 4,
    "bins": 5,
    "min_cell_n": 1000
  },
  "orbits_requested": 24,
  "orbits_hist_pass": 24,
  "orbits_agg_pass": 24,
  "lpreds": [
    313,
    1040,
    3120
  ],
  "horizons": [
    312,
    1040
  ],
  "thresholds": [
    40,
    80
  ],
  "elapsed_seconds": 146.67107260000193,
  "summary": [
    {
      "Lpred": 313,
      "H": 312,
      "threshold": 40,
      "cells": 20,
      "cells_used": 19,
      "min_cell_n": 1000,
      "best_deep_bin": 0,
      "best_bite_bin": 4,
      "best_mean_deep_rate": 0.15800618080775353,
      "best_mean_bite_rate": 0.1763967507983108,
      "best_hazard": 0.2627915126800051,
      "worst_deep_bin": 4,
      "worst_bite_bin": 0,
      "worst_mean_deep_rate": 0.2953986930243139,
      "worst_mean_bite_rate": 0.0,
      "worst_hazard": 0.04632458705073847,
      "weighted_deep_effect_within_bite": -0.020833942676427228,
      "weighted_bite_effect_within_deep": 0.1722952069082017,
      "deep_effect_min": -0.037867442235361815,
      "deep_effect_max": -0.0040141188590956806,
      "bite_effect_min": 0.12690375940595444,
      "bite_effect_max": 0.21245280677017098
    },
    {
      "Lpred": 313,
      "H": 312,
      "threshold": 80,
      "cells": 20,
      "cells_used": 19,
      "min_cell_n": 1000,
      "best_deep_bin": 0,
      "best_bite_bin": 4,
      "best_mean_deep_rate": 0.15800618080775353,
      "best_mean_bite_rate": 0.1763967507983108,
      "best_hazard": 0.018713361794316298,
      "worst_deep_bin": 0,
      "worst_bite_bin": 0,
      "worst_mean_deep_rate": 0.18703976930533886,
      "worst_mean_bite_rate": 0.0,
      "worst_hazard": 0.000817565989254847,
      "weighted_deep_effect_within_bite": -0.0017229150699227737,
      "weighted_bite_effect_within_deep": 0.011231389380493303,
      "deep_effect_min": -0.007681059763837996,
      "deep_effect_max": 0.0007759433978786223,
      "bite_effect_min": 0.0006702701404255858,
      "bite_effect_max": 0.01789579580506145
    },
    {
      "Lpred": 313,
      "H": 1040,
      "threshold": 40,
      "cells": 20,
      "cells_used": 19,
      "min_cell_n": 1000,
      "best_deep_bin": 0,
      "best_bite_bin": 4,
      "best_mean_deep_rate": 0.15799207124438858,
      "best_mean_bite_rate": 0.17643349991140553,
      "best_hazard": 0.5188149272814447,
      "worst_deep_bin": 4,
      "worst_bite_bin": 0,
      "worst_mean_deep_rate": 0.29540062535644424,
      "worst_mean_bite_rate": 0.0,
      "worst_hazard": 0.19874901678182683,
      "weighted_deep_effect_within_bite": -0.02872723149350986,
      "weighted_bite_effect_within_deep": 0.26404597796513457,
      "deep_effect_min": -0.07346613683081038,
      "deep_effect_max": -0.009618412276604427,
      "bite_effect_min": 0.19509774389266288,
      "bite_effect_max": 0.3001218141161043
    },
    {
      "Lpred": 313,
      "H": 1040,
      "threshold": 80,
      "cells": 20,
      "cells_used": 19,
      "min_cell_n": 1000,
      "best_deep_bin": 3,
      "best_bite_bin": 4,
      "best_mean_deep_rate": 0.25973543975331637,
      "best_mean_bite_rate": 0.132442496652016,
      "best_hazard": 0.03339787028073572,
      "worst_deep_bin": 4,
      "worst_bite_bin": 0,
      "worst_mean_deep_rate": 0.29540062535644424,
      "worst_mean_bite_rate": 0.0,
      "worst_hazard": 0.00763495405368489,
      "weighted_deep_effect_within_bite": -0.0026682372455816006,
      "weighted_bite_effect_within_deep": 0.018133860891220356,
      "deep_effect_min": -0.006007512634763998,
      "deep_effect_max": 0.0004947218070262757,
      "bite_effect_min": 0.00942450753787413,
      "bite_effect_max": 0.023130344442228654
    },
    {
      "Lpred": 1040,
      "H": 312,
      "threshold": 40,
      "cells": 24,
      "cells_used": 21,
      "min_cell_n": 1000,
      "best_deep_bin": 0,
      "best_bite_bin": 4,
      "best_mean_deep_rate": 0.18173776788574128,
      "best_mean_bite_rate": 0.138632754092492,
      "best_hazard": 0.24118162027317028,
      "worst_deep_bin": 1,
      "worst_bite_bin": 0,
      "worst_mean_deep_rate": 0.22358966390974014,
      "worst_mean_bite_rate": 8.889300568915206e-05,
      "worst_hazard": 0.026413921690490987,
      "weighted_deep_effect_within_bite": -0.038482098595586677,
      "weighted_bite_effect_within_deep": 0.11009160153794757,
      "deep_effect_min": -0.08181335035213655,
      "deep_effect_max": 0.007141368462152044,
      "bite_effect_min": 0.08831053395044242,
      "bite_effect_max": 0.1751510545377182
    },
    {
      "Lpred": 1040,
      "H": 312,
      "threshold": 80,
      "cells": 24,
      "cells_used": 21,
      "min_cell_n": 1000,
      "best_deep_bin": 0,
      "best_bite_bin": 4,
      "best_mean_deep_rate": 0.18173776788574128,
      "best_mean_bite_rate": 0.138632754092492,
      "best_hazard": 0.013879312348443177,
      "worst_deep_bin": 4,
      "worst_bite_bin": 3,
      "worst_mean_deep_rate": 0.2673738911690684,
      "worst_mean_bite_rate": 0.06783121496976974,
      "worst_hazard": 0.0,
      "weighted_deep_effect_within_bite": -0.004642270228192185,
      "weighted_bite_effect_within_deep": 0.002367625226793431,
      "deep_effect_min": -0.01069271539504499,
      "deep_effect_max": -4.572673885243133e-05,
      "bite_effect_min": -0.001974161390420409,
      "bite_effect_max": 0.009040597871783684
    },
    {
      "Lpred": 1040,
      "H": 1040,
      "threshold": 40,
      "cells": 24,
      "cells_used": 21,
      "min_cell_n": 1000,
      "best_deep_bin": 0,
      "best_bite_bin": 4,
      "best_mean_deep_rate": 0.18173147836298364,
      "best_mean_bite_rate": 0.13867524477747525,
      "best_hazard": 0.5063308336050429,
      "worst_deep_bin": 4,
      "worst_bite_bin": 0,
      "worst_mean_deep_rate": 0.27521139216682494,
      "worst_mean_bite_rate": 0.0001084555186394163,
      "worst_hazard": 0.16013609082916014,
      "weighted_deep_effect_within_bite": -0.062144071027090866,
      "weighted_bite_effect_within_deep": 0.1644590791387675,
      "deep_effect_min": -0.10643954895202606,
      "deep_effect_max": -0.007152466384770212,
      "bite_effect_min": 0.11795667444778946,
      "bite_effect_max": 0.28329250175156984
    },
    {
      "Lpred": 1040,
      "H": 1040,
      "threshold": 80,
      "cells": 24,
      "cells_used": 21,
      "min_cell_n": 1000,
      "best_deep_bin": 0,
      "best_bite_bin": 4,
      "best_mean_deep_rate": 0.18173147836298364,
      "best_mean_bite_rate": 0.13867524477747525,
      "best_hazard": 0.02989581877746208,
      "worst_deep_bin": 2,
      "worst_bite_bin": 0,
      "worst_mean_deep_rate": 0.24032892057635322,
      "worst_mean_bite_rate": 9.51038158739158e-05,
      "worst_hazard": 0.0054113188380316085,
      "weighted_deep_effect_within_bite": -0.003482696723660819,
      "weighted_bite_effect_within_deep": 0.013003403928750058,
      "deep_effect_min": -0.01431328570987737,
      "deep_effect_max": 0.00823971585533754,
      "bite_effect_min": 0.00655204716733142,
      "bite_effect_max": 0.01778031726955292
    },
    {
      "Lpred": 3120,
      "H": 312,
      "threshold": 40,
      "cells": 23,
      "cells_used": 19,
      "min_cell_n": 1000,
      "best_deep_bin": 0,
      "best_bite_bin": 4,
      "best_mean_deep_rate": 0.19846492248288433,
      "best_mean_bite_rate": 0.11182392234561259,
      "best_hazard": 0.21219751546180005,
      "worst_deep_bin": 4,
      "worst_bite_bin": 0,
      "worst_mean_deep_rate": 0.2640797903752551,
      "worst_mean_bite_rate": 0.006230774590933067,
      "worst_hazard": 0.05603752384436489,
      "weighted_deep_effect_within_bite": -0.03156329694863516,
      "weighted_bite_effect_within_deep": 0.06973398996017673,
      "deep_effect_min": -0.042472030591943766,
      "deep_effect_max": -0.021191595496561536,
      "bite_effect_min": 0.055713207149787156,