{
 "orbits": [
  0,
  1,
  2,
  3,
  4,
  5,
  6,
  7,
  8,
  9,
  10,
  11,
  12,
  13,
  14,
  15,
  16,
  17,
  18,
  19,
  20,
  21,
  22,
  23
 ],
 "gates": [
  true,
  true,
  true
 ],
 "lhw_sizes": [
  46,
  46,
  46,
  46,
  46,
  46,
  46,
  46,
  46,
  46,
  46,
  46,
  46,
  46,
  46,
  46,
  46,
  46,
  46,
  46,
  46,
  46,
  46,
  46
 ],
 "lhw_union": 46,
 "lhw_inter": 46,
 "overlap_core": 2,
 "mass_lhw": [
  0.0004031391098688454,
  0.0007197929211134643,
  0.00028330217009462294,
  0.0007870040389641245,
  0.0015995971384984522,
  0.003686705289293507,
  0.000978960126798645,
  0.000582723049058981,
  0.00026436102385469476,
  0.0012131273145192184,
  0.002857279678196881,
  0.00019207375632242782,
  0.0002856644078018124,
  0.0005528005853182668,
  0.00017896072625516547,
  0.00014567821301392036,
  0.0007899912939734949,
  0.00029478718003308167,
  0.00020063534525998996,
  0.001093190265561143,
  0.0001520064856100527,
  0.004171119307801027,
  0.00027166530834012495,
  0.0003922906361930752
 ],
 "mass_lhw_core": [
  0.00021500752526338422,
  0.00013842171559874314,
  0.00016998130205677376,
  0.00023758612497030174,
  0.000325843861545981,
  0.0005868632909487623,
  0.0002641638437393169,
  0.00031498543192377354,
  0.00015550648462040866,
  0.000271357425616141,
  0.0005107986016888279,
  0.00014405531724182087,
  0.00020631318341242006,
  0.00016258840744654907,
  0.0001464224123905899,
  0.00014567821301392036,
  0.0002095895269725599,
  0.00029478718003308167,
  0.00016719612104999163,
  0.0002690929884458198,
  0.00011822726658559654,
  0.0006204970871108966,
  0.00022072806302635153,
  0.0002558417192563534
 ],
 "mass_core": [
  0.3559315201032036,
  0.36136373074207884,
  0.35999206753923735,
  0.3573443810881444,
  0.35200023697735383,
  0.35445037995636147,
  0.3623706374118159,
  0.3567682494684621,
  0.35506795633377913,
  0.3460445664666071,
  0.3591712292687599,
  0.3550003201229272,
  0.3580962054244497,
  0.34402081131615314,
  0.3510070608141086,
  0.35861120103593397,
  0.36334762841389096,
  0.35864135864135865,
  0.3548403277043973,
  0.35316772902336063,
  0.357080124307526,
  0.34889172325829915,
  0.3570021733224667,
  0.3533685826368753
 ],
 "top20_in_lhw": [
  false,
  false,
  false,
  false,
  false,
  false,
  false,
  false,
  false,
  false,
  false,
  false,
  false,
  false,
  false,
  false,
  false,
  false,
  false,
  false
 ]
}